﻿<?xml version="1.0" encoding="UTF-8"?>
<theme>
  <formatVersion>7</formatVersion>
  <feature supported="carousel">
    <view name="system">
      <carousel name="systemcarousel">
        <type>vertical</type>
        <pos>0.05 0</pos>
        <size>0.30 0.935</size>
        <color>ffffff00</color>
        <colorEnd>FFFFFF00</colorEnd>
        <logoScale>2.8</logoScale>
        <logoSize>0.1 0.1</logoSize>
        <logoRotation>14</logoRotation>
        <logoRotationOrigin>-2.2 0.5</logoRotationOrigin>
        <maxLogoCount>1</maxLogoCount>
      </carousel>
      <image name="ControllerOverlay" extra="true">
        <pos>0.66 0.5</pos>
        <origin>0.5 0.5</origin>
        <size>0.4 0</size>
      </image>
      <text name="systemInfo">
        <pos>0.30 0.825</pos>
        <size>0.7 0.125</size>
      </text>
      <image name="carousel-shadow" extra="true">
        <visible>false</visible>
      </image>
    </view>
  </feature>
</theme>
