﻿<?xml version="1.0" encoding="UTF-8"?>
<theme>
  <formatVersion>7</formatVersion>
  <include>./animatedbackgroundsubset.xml</include>
  <view name="system">
    <image name="ControllerOverlay" extra="true">
      <path>./../consoles/default.png</path>
      <path>./../consoles/${system.theme}.png</path>
      <linearSmooth>true</linearSmooth>
      <size>0.2 0</size>
      <color>FFFFFFF0</color>
      <zIndex>21</zIndex>
    </image>

    <image name="ControllerOverlay" extra="true" region="eu"></image>
		<image name="ControllerOverlay" extra="true" region="us">
		  <path>./art/consoles/us/${system.theme}.png</path>
		</image>
		
		<image name="ControllerOverlay" extra="true" region="jp">
		  <path>./art/consoles/jp/${system.theme}.png</path>
		</image>

  </view>
</theme>
