﻿<?xml version="1.0" encoding="UTF-8"?>
<theme>
  <formatVersion>4</formatVersion>
  <view name="system">
    <image name="randomImage" extra="true">
      <path>{random:image}</path>
      <color>FFFFFF90</color>
      <pos>0.5 0.475</pos>
      <origin>0.5 0.5</origin>
      <minSize>1 0.95</minSize>
      <zIndex>11</zIndex>
    </image>
    <image name="randomImage" extra="true" ifHelpPrompts="false">
      <pos>0.5 0.5</pos>
      <minSize>1 1</minSize>
    </image>
    <image name="ControllerOverlay" extra="true">
      <visible>false</visible>
    </image>
    <image name="CenterFade" extra="true">
      <color>000000A0</color>
    </image>
  </view>
</theme>
