﻿<?xml version="1.0" encoding="UTF-8"?>
<theme>
  <formatVersion>7</formatVersion>
  <include>./animatedbackgroundsubset.xml</include>
  <view name="system">
    <video name="videobox" extra="true">
      <path>{random}</path>
      <delay>0.20</delay>
      <color>FFFFFFFF</color>
      <effect>none</effect>
      <roundCorners>0.05</roundCorners>
      <visible>true</visible>
    </video>
    <image name="ControllerOverlay" extra="true">
      <visible>false</visible>
    </image>
  </view>
</theme>
