﻿<?xml version="1.0" encoding="UTF-8"?>
<theme>
  <formatVersion>7</formatVersion>
  <variables>
    <baseColor>c01c8f</baseColor>
    <gradientEndColor>641151</gradientEndColor>
    <centerFadeColor>d71fb333</centerFadeColor>  
    <bottomBarColor>d236b0B0</bottomBarColor>
    <glowColor>8B157118</glowColor>
    <systemInfoColor>FAFFFAB0</systemInfoColor>
    <backgroundColor>250515</backgroundColor>
    <groupColor>D949AF</groupColor>
    <groupSeparatorColor>D331A3</groupSeparatorColor>
  </variables>
</theme>
