<!--
Theme: dosirak
version: 0.1
author: losernator
license: creative commons CC-BY-NC-SA

-->
<theme>
    <formatVersion>4</formatVersion>
    <feature supported="carousel">
    <view name="system">
        <image name="background" extra="true">
            <tile>false</tile>
            <size>1 1</size>
            <pos>0.0 0.0</pos>
            <origin>0.0 0.0</origin>
            <path>./_assets/bg_base.png</path>
        </image>
        <image name="bg_skyscraper" extra="true">
            <tile>false</tile>
            <size>0 0.0814814814814815</size>
            <pos>0.5 1</pos>
            <origin>0.5 1</origin>
            <path>./_assets/bg_skyscraper.png</path>
        </image>
        
        <image name="carouselbg" extra="true">
            <tile>false</tile>
            <size>0 0.52</size>
            <pos>0.5 0.5</pos>
            <origin>0.5 0.5</origin>
            <path>./_assets/bg_carousel.png</path>
        </image>
        <image name="carouselselector" extra="true">
            <tile>false</tile>
            <size>0 0.1</size>
            <pos>0.5 0.5</pos>
            <origin>0.5 0.5</origin>
            <path>./_assets/bg_selector.png</path>
        </image>
        <image name="carousellogo" extra="true">
            <tile>false</tile>
            <size>0 0.2222222222222222</size>
            <pos>0.5 0.14</pos>
            <origin>0.5 0.5</origin>
            <path>./_assets/base_logo.png</path>
        </image>
        <carousel name="systemcarousel">
            <type>horizontal</type>
            <color>00000000</color>
            <origin>0.5 0.5</origin>
            <pos>0.5 0.5</pos>
            <size>1 0.5</size> 
            <logoScale>0.9</logoScale>
            <logoSize>0.7 0.6</logoSize>
            <logoAlignment>center</logoAlignment>
            <maxLogoCount>1</maxLogoCount>
        </carousel>
        <image name="systemhelp" extra="true">
            <tile>false</tile>
            <size>0 0.25</size>
            <pos>0.5 0.85</pos>
            <origin>0.5 0.5</origin>
            <path>./_assets/help_system.png</path>
        </image>
        
        <text name="systemInfo">
            <fontPath>./_assets/yg-jalnan.otf</fontPath>
            <alignment>center</alignment>
            <backgroundColor>00000000</backgroundColor>
            <color>d84d00</color>
            <origin>0.5 0.5</origin>
            <pos>0.5 0.20</pos>
            <size>0.980 0.050</size>
            <fontSize>0.04</fontSize>
        </text>

        <image name="logo">
            <path>./_assets/systems/${system.theme}.svg</path>
			<path>./_assets/systems/${system.theme}.png</path>
            <color>913a01</color>
<!--        <color>5f2600</color>  //-->
        </image>
    
    
        <helpsystem name="help">
            <pos>0.5 1</pos>
            <origin>0.5 0</origin>
            <textColor>5f2600</textColor>
            <iconColor>5f2600</iconColor>
        </helpsystem>

    </view>
    </feature>


    <view name="basic, detailed, video, grid">
        <image name="background">
            <tile>false</tile>
            <pos>0.5 0.5</pos>
            <origin>0.5 0.5</origin>
            <size>0 1</size>
            <path>./_assets/bg_listbase.png</path>
        </image>

        <image name="listbg" extra="true">
            <tile>false</tile>
            <pos>0.21875 0.5</pos>
            <origin>0.5 0.5</origin>
            <size>0 1</size>
            <path>./_assets/bg_list.png</path>
        </image>

        <image name="listbgextra" extra="true">
            <tile>false</tile>
            <pos>1 0.5</pos>
            <origin>1 0.5</origin>
            <size>0 1</size>
            <path>./_assets/bg_listextra.png</path>
        </image>

        <image name="mainlogo" extra="true">
            <pos>0.21875 0.0833333333333333</pos>
            <origin>0.5 0.5</origin>
            <maxSize>0.3958333333333333 0.1666666666666667</maxSize>
            <path>./_assets/list_logo.png</path>
        </image>
        <image name="bg_skyscraper" extra="true">
            <tile>false</tile>
            <size>0 0.0814814814814815</size>
            <pos>0.5 1</pos>
            <origin>0.5 1</origin>
            <path>./_assets/bg_skyscraper.png</path>
        </image>

        <image name="listbgframe" extra="true">
            <tile>false</tile>
            <size>0.4558333333333333 0.6333333333333333</size>
            <pos>0.21875 0.5</pos>
            <origin>0.5 0.5</origin>
            <path>./_assets/listframe.png</path>
        </image>
        <textlist name="gamelist">
            <pos>0.03 0.1844444444444444</pos>
            <origin>0 0</origin>
            <size>0.3859583333333333 0.6203703703703704</size>
            <selectorColor>00000000</selectorColor>
            <selectedColor>5f2600</selectedColor>
            <primaryColor>c85002</primaryColor>
            <secondaryColor>fffc41</secondaryColor>
            <fontPath>./_assets/yg-jalnan.otf</fontPath>
            <forceUppercase>0</forceUppercase>
            <horizontalMargin>0.00</horizontalMargin>
            <alignment>center</alignment>
            <lineSpacing>1.52</lineSpacing>
            <fontSize>0.028</fontSize>
            <!--
            <scrollSound>./_asset/scroll.wav</scrollSound>
            <selectorImagePath>./_asset/selector.png</selectorImagePath>
            <selectorHeight>0.066666667</selectorHeight>
            <selectorOffsetY>0</selectorOffsetY>
             -->
        </textlist>
        <image name="systemhelplist" extra="true">
            <tile>false</tile>
            <size>0 0.13</size>
            <pos>0.21875 0.8792592592592593</pos>
            <origin>0.5 0.5</origin>
            <path>./_assets/help_system_list.png</path>
        </image>


        <image name="tvbg" extra="true">
            <tile>false</tile>
            <pos>0.6598958333333333 0.45185185185185195</pos>
            <origin>0.4135416666666667 0.4891304347826087</origin>
            <size>0 0.8518518518518519</size>
            <path>./_assets/tvframeblank.png</path>
            <zIndex>20</zIndex>
        </image>
        <image name="tvoverlay" extra="true">
            <tile>false</tile>
            <pos>0.6598958333333333 0.45185185185185195</pos>
            <origin>0.4135416666666667 0.4891304347826087</origin>
            <size>0 0.8518518518518519</size>
            <path>./_assets/tvframeoverlay.png</path>
            <zIndex>31</zIndex>
        </image>

        <image name="tv" extra="true">
            <tile>false</tile>
            <pos>0.6598958333333333 0.45185185185185195</pos>
            <origin>0.4135416666666667 0.4891304347826087</origin>
            <size>0 0.8518518518518519</size>
            <path>./_assets/tvframe.png</path>
            <zIndex>32</zIndex>
        </image>
        

        <helpsystem name="help">
            <pos>0.21875 1</pos>
            <textColor>5f2600</textColor>
            <iconColor>5f2600</iconColor>
        </helpsystem>

        <text name="md_lbl_rating, md_lbl_publisher, md_publisher, md_lbl_lastplayed, md_lbl_playcount, md_playcount, md_lbl_releasedate, md_lbl_genre, md_lbl_developer, md_lbl_players, md_genre, md_developer, md_players, md_description">
            <pos>1 1</pos>
        </text>
        <datetime name="md_lastplayed, md_releasedate">
            <pos>1 1</pos>
        </datetime>
        <image name="md_marquee">
            <pos>0.6598958333333333 0.220</pos>
            <origin>0.5 0.5</origin>
            <maxSize>0.300 0.180</maxSize>
        </image>
        <image name="logo">
            <path>./_assets/systems/${system.theme}.svg</path>
			<path>./_assets/systems/${system.theme}.png</path>
            <pos>0.705 0.865</pos>
            <maxSize>0.296 0.122</maxSize>
            <origin>0.5 0.5</origin>
        </image>
    </view>

    <view name="detailed">
      <image name="md_image">
        <pos>0.6598958333333333 0.4518518518518519</pos>
        <maxSize>0.353125 0.4708333333333333</maxSize>
        <size>0.353125 0.4708333333333333</size>
        <origin>0.5 0.5</origin>
      </image>
    </view>

    <feature supported="video">
      <view name="video">
         <video name="md_video">
            <pos>0.6598958333333333 0.4518518518518519</pos>
            <maxSize>0.353125 0.4708333333333333</maxSize>
            <size>0.353125 0.4708333333333333</size>
            <origin>0.5 0.5</origin>
            <delay>0.0</delay>
            <default></default>
            <showSnapshotNoVideo>true</showSnapshotNoVideo>
            <showSnapshotDelay>false</showSnapshotDelay>
         </video>
      </view>
      </feature>

      <view name="grid">
      <imagegrid name="gamegrid">
        <pos>0.020833333 0.2200</pos>
        <size>0.950 0.644</size>
        <margin>0.02 0.02</margin>
      </imagegrid>
      <gridtile name="default">
          <size>0.173 0.21</size>
          <backgroundColor>00000000</backgroundColor>
      </gridtile>
      <gridtile name="selected">
        <backgroundColor>00000000</backgroundColor>
      </gridtile>
    </view>
	  <view name="menu">
      <menuBackground name="menubg">
      <color>3D2300</color>
	  <path>./_assets/bg.png</path>
      </menuBackground>
      </view>
   </theme>
