﻿<?xml version="1.0" encoding="UTF-8"?>
<theme>
  <formatVersion>7</formatVersion>
  <customView name="Boxes,grid">
    <gridtile name="default">
      <backgroundCenterColor>FFFFFF00</backgroundCenterColor>
      <backgroundEdgeColor>FFFFFF00</backgroundEdgeColor>
    </gridtile>
    <gridtile name="selected">
      <backgroundCenterColor>FFFFFF00</backgroundCenterColor>
      <backgroundEdgeColor>FFFFFF00</backgroundEdgeColor>
    </gridtile>
    <ninepatch name="gridtile.background">
      <visible>false</visible>
    </ninepatch>
  </customView>
</theme>
